LGU,Year,Dengue Cases,Population,Land Area,Population Density,Incidence Rate,Previous Year Incidence,YoY % Change,Five-Year Average Incidence,Status
Caloocan,2021,1051,1674424.25,55.8,30007.603046594984,62.76784393202619,,,193.08007232203767,interpolated
Caloocan,2022,4371,1687264.5,55.8,30237.71505376344,259.0583752577026,62.76784393202619,312.7246676470954,193.08007232203767,interpolated
Caloocan,2023,2334,1700104.75,55.8,30467.8270609319,137.2856584278116,259.0583752577026,-47.005898461594064,193.08007232203767,interpolated
Caloocan,2024,3262,1712945.0,55.8,30697.93906810036,190.4322672356672,137.2856584278116,38.71242591286511,193.08007232203767,official
Caloocan,2025,5451,1725785.25,55.8,30928.05107526882,315.85621675698064,190.4322672356672,65.86276125468616,193.08007232203767,extrapolated
Las Piñas,2021,495,608607.0,32.69,18617.528296115022,81.3332741818612,,,218.2916829497717,interpolated
Las Piñas,2022,1603,610921.0,32.69,18688.314469256653,262.3907182761765,81.3332741818612,222.61177349072508,218.2916829497717,interpolated
Las Piñas,2023,969,613235.0,32.69,18759.100642398287,158.01446427552244,262.3907182761765,-39.778942901019064,218.2916829497717,interpolated
Las Piñas,2024,1506,615549.0,32.69,18829.88681553992,244.6596452922513,158.01446427552244,54.83370235376028,218.2916829497717,official
Las Piñas,2025,2132,617863.0,32.69,18900.67298868156,345.060312723047,244.6596452922513,41.03687279970708,218.2916829497717,extrapolated
Makati,2021,457,549654.5,21.57,25482.35975892443,83.14313809856918,,,322.7900308800346,interpolated
Makati,2022,1967,469693.0,21.57,21775.28975428836,418.7841845631083,83.14313809856918,403.69061613554277,322.7900308800346,interpolated
Makati,2023,1136,389731.5,21.57,18068.219749652293,291.4827259279786,418.7841845631083,-30.39786680768173,322.7900308800346,interpolated
Makati,2024,1055,309770.0,21.57,14361.149745016226,340.57526551957903,291.4827259279786,16.842349554439984,322.7900308800346,official
Makati,2025,1103,229808.5,21.57,10654.079740380155,479.9648402909378,340.57526551957903,40.92768585490408,322.7900308800346,extrapolated
Malabon,2021,459,382873.75,15.71,24371.339910884784,119.88285955879712,,,347.55154468579593,interpolated
Malabon,2022,2520,385225.5,15.71,24521.037555697007,654.1623023397984,119.88285955879712,445.66791678752156,347.55154468579593,interpolated
Malabon,2023,1299,387577.25,15.71,24670.73520050923,335.1589908850429,654.1623023397984,-48.76516276064044,347.55154468579593,interpolated
Malabon,2024,1110,389929.0,15.71,24820.43284532145,284.6672086456765,335.1589908850429,-15.06502394760005,347.55154468579593,official
Malabon,2025,1349,392280.75,15.71,24970.13049013367,343.8863619996648,284.6672086456765,20.80294166501559,347.55154468579593,extrapolated
Mandaluyong,2021,319,435794.0,9.29,46910.01076426265,73.19972280481144,,,159.6410689660033,interpolated
Mandaluyong,2022,952,445830.0,9.29,47990.3121636168,213.53430679855552,73.19972280481144,191.71463854849438,159.6410689660033,interpolated
Mandaluyong,2023,543,455866.0,9.29,49070.61356297094,119.11395015201836,213.53430679855552,-44.217886138367284,159.6410689660033,interpolated
Mandaluyong,2024,946,465902.0,9.29,50150.914962325085,203.04699271520624,119.11395015201836,70.46449425618823,159.6410689660033,official
Mandaluyong,2025,901,475938.0,9.29,51231.21636167923,189.31037235942495,203.04699271520624,-6.765241963001286,159.6410689660033,extrapolated
Manila,2021,1220,1860532.25,24.98,74480.8746997598,65.57263385249034,,,231.33113671540292,interpolated
Manila,2022,3919,1874551.5,24.98,75042.09367493996,209.06334128456865,65.57263385249034,218.8271219284396,231.33113671540292,interpolated
Manila,2023,2712,1888570.75,24.98,75603.31265012009,143.60065674002416,209.06334128456865,-31.31236884587973,231.33113671540292,interpolated
Manila,2024,5511,1902590.0,24.98,76164.53162530024,289.6577822862519,143.60065674002416,101.71062505003079,231.33113671540292,official
Manila,2025,8601,1916609.25,24.98,76725.75060048039,448.7612694136794,289.6577822862519,54.92808992447327,231.33113671540292,extrapolated
Marikina,2021,330,459875.0,21.52,21369.656133829,71.75863006251699,,,211.15181077258404,interpolated
Marikina,2022,1305,463691.0,21.52,21546.979553903348,281.4374227664544,71.75863006251699,292.20010543855517,211.15181077258404,interpolated
Marikina,2023,699,467507.0,21.52,21724.30297397769,149.51647782813947,281.4374227664544,-46.873988413327346,211.15181077258404,interpolated
Marikina,2024,1450,471323.0,21.52,21901.626394052044,307.6446513325257,149.51647782813947,105.75969672462817,211.15181077258404,official
Marikina,2025,1166,475139.0,21.52,22078.949814126398,245.40187187328343,307.6446513325257,-20.2320369262541,211.15181077258404,extrapolated
Muntinlupa,2021,198,545640.0,39.75,13726.792452830188,36.28766219485375,,,138.03065813574625,interpolated
Muntinlupa,2022,1268,547835.0,39.75,13782.012578616352,231.45655169896045,36.28766219485375,537.8381458031351,138.03065813574625,interpolated
Muntinlupa,2023,383,550030.0,39.75,13837.232704402517,69.63256549642747,231.45655169896045,-69.91549170446739,138.03065813574625,interpolated
Muntinlupa,2024,972,552225.0,39.75,13892.452830188678,176.0152111910906,69.63256549642747,152.77714519957064,138.03065813574625,official
Muntinlupa,2025,980,554420.0,39.75,13947.672955974842,176.76130009739907,176.0152111910906,0.42387751675534563,138.03065813574625,extrapolated
Navotas,2021,201,248876.75,8.94,27838.56263982103,80.76286756396489,,,196.0057202087011,interpolated
Navotas,2022,950,250210.5,8.94,27987.75167785235,379.6803091796707,80.76286756396489,370.11741983896326,196.0057202087011,interpolated
Navotas,2023,191,251544.25,8.94,28136.94071588367,75.93097437130842,379.6803091796707,-80.00133993375552,196.0057202087011,interpolated
Navotas,2024,535,252878.0,8.94,28286.12975391499,211.5644698233931,75.93097437130842,178.62736067211023,196.0057202087011,official
Navotas,2025,590,254211.75,8.94,28435.31879194631,232.08998010516825,211.5644698233931,9.701775680438763,196.0057202087011,extrapolated
Parañaque,2021,594,693305.25,46.57,14887.379214086322,85.67654723514643,,,209.37533301578668,interpolated
Parañaque,2022,2281,696618.5,46.57,14958.524801374277,327.43890666125003,85.67654723514643,282.1803249873815,209.37533301578668,interpolated
Parañaque,2023,1151,699931.75,46.57,15029.670388662227,164.44460477753722,327.43890666125003,-49.77853839841262,209.37533301578668,interpolated
Parañaque,2024,1697,703245.0,46.57,15100.815975950183,241.30992755014256,164.44460477753722,46.74238043661556,209.37533301578668,official
Parañaque,2025,1611,706558.25,46.57,15171.961563238136,228.0066788548573,241.30992755014256,-5.512930541376472,209.37533301578668,extrapolated
Pasay,2021,186,443788.5,13.97,31767.251252684324,41.911856661450216,,,172.87752366689523,interpolated
Pasay,2022,746,446921.0,13.97,31991.481746599857,166.91988069479842,41.911856661450216,298.2641046974384,172.87752366689523,interpolated
Pasay,2023,689,450053.5,13.97,32215.71224051539,153.0929100651367,166.91988069479842,-8.2835972396502,172.87752366689523,interpolated
Pasay,2024,1133,453186.0,13.97,32439.94273443092,250.00772309824225,153.0929100651367,63.30457301508675,172.87752366689523,official
Pasay,2025,1152,456318.5,13.97,32664.17322834645,252.45524781484863,250.00772309824225,0.978979643618693,172.87752366689523,extrapolated
Pasig,2021,749,815631.75,48.46,16831.03074700784,91.83065764666468,,,299.88467580550787,interpolated
Pasig,2022,3257,828104.5,48.46,17088.413124226165,393.3078494320464,91.83065764666468,328.2968885460568,299.88467580550787,interpolated
Pasig,2023,2013,840577.25,48.46,17345.79550144449,239.47828709377995,393.3078494320464,-39.11174479746667,299.88467580550787,interpolated
Pasig,2024,3018,853050.0,48.46,17603.177878662813,353.78934411816425,239.47828709377995,47.733370073596674,299.88467580550787,official
Pasig,2025,3644,865522.75,48.46,17860.560255881137,421.01724073688416,353.78934411816425,19.002238969714718,299.88467580550787,extrapolated
Pateros,2021,77,65750.0,10.4,6322.115384615385,117.11026615969584,,,438.6489449263481,interpolated
Pateros,2022,412,66273.0,10.4,6372.403846153846,621.6709670604922,117.11026615969584,430.8424166782774,438.6489449263481,interpolated
Pateros,2023,249,66796.0,10.4,6422.692307692308,372.7768129828133,621.6709670604922,-40.036316197063144,438.6489449263481,interpolated
Pateros,2024,494,67319.0,10.4,6472.980769230769,733.8195754541808,372.7768129828133,96.8522584820782,438.6489449263481,official
Pateros,2025,236,67842.0,10.4,6523.269230769231,347.8671029745585,733.8195754541808,-52.595009098898174,438.6489449263481,extrapolated
Quezon City,2021,1647,2991103.5,171.71,17419.5067264574,55.06329018704969,,,229.72844717677282,interpolated
Quezon City,2022,8214,3022159.0,171.71,17600.366897676315,271.7924503641271,55.06329018704969,393.60009080614265,229.72844717677282,interpolated
Quezon City,2023,4766,3053214.5,171.71,17781.22706889523,156.09777825960148,271.7924503641271,-42.56728689466046,229.72844717677282,interpolated
Quezon City,2024,9571,3084270.0,171.71,17962.087240114146,310.3165416776093,156.09777825960148,98.79625779268379,229.72844717677282,official
Quezon City,2025,11071,3115325.5,171.71,18142.94741133306,355.37217539547635,310.3165416776093,14.519249755198608,229.72844717677282,extrapolated
San Juan,2021,133,128338.25,5.95,21569.45378151261,103.63239330441236,,,212.96102150608135,interpolated
San Juan,2022,359,130329.5,5.95,21904.11764705882,275.4556719698917,103.63239330441236,165.8007435578192,212.96102150608135,interpolated
San Juan,2023,170,132320.75,5.95,22238.78151260504,128.4756925878972,275.4556719698917,-53.35885020296838,212.96102150608135,interpolated
San Juan,2024,441,134312.0,5.95,22573.44537815126,328.33998451366966,128.4756925878972,155.56584121080678,212.96102150608135,official
San Juan,2025,312,136303.25,5.95,22908.10924369748,228.9013651545359,328.33998451366966,-30.28526041579132,212.96102150608135,extrapolated
Taguig,2021,1289,992062.75,45.21,21943.43618668436,129.9312971886103,,,247.15204583214776,interpolated
Taguig,2022,5125,1097403.5,45.21,24273.468259234684,467.0114502095173,129.9312971886103,259.42952953944285,247.15204583214776,interpolated
Taguig,2023,2682,1202744.25,45.21,26603.500331785,222.9900496302518,467.0114502095173,-52.25169542840741,247.15204583214776,interpolated
Taguig,2024,2737,1308085.0,45.21,28933.532404335325,209.2371673094638,222.9900496302518,-6.167486999349146,247.15204583214776,official
Taguig,2025,2920,1413425.75,45.21,31263.564476885644,206.5902648228957,209.2371673094638,-1.265025005167134,247.15204583214776,extrapolated
Valenzuela,2021,1088,717526.75,47.02,15260.032964695873,151.6319774837663,,,300.87053903144647,interpolated
Valenzuela,2022,4504,720075.5,47.02,15314.238621863036,625.4899659827337,151.6319774837663,312.50531475110427,300.87053903144647,interpolated
Valenzuela,2023,1692,722624.25,47.02,15368.444279030198,234.1465844801085,625.4899659827337,-62.565892785789,300.87053903144647,interpolated
Valenzuela,2024,1787,725173.0,47.02,15422.649936197362,246.42395676617855,234.1465844801085,5.243455638411444,300.87053903144647,official
Valenzuela,2025,1795,727721.75,47.02,15476.855593364524,246.66021044444528,246.42395676617855,0.09587285317835641,300.87053903144647,extrapolated
